,Word,Count
0,обзор,9
1,джанин,8
2,новинка,7
3,март,6
4,вагин,6
5,скидка,5
6,магазин,5
7,вибрациеи,5
8,обеспечение,4
9,программный,4
10,продавать,4
11,случай,4
12,товар,4
13,апрель,4
14,игрушка,4
15,светофор,4
16,покупка,3
17,код,3
18,выгодный,3
19,небольшой,3
20,очень,3
21,цвет,3
22,посуда,3
23,появиться,3
24,пятёрочка,3
25,акция,2
26,билет,2
27,важный,2
28,кино,2
29,первый,2
30,подписка,2
31,ключ,2
32,ограничить,2
33,посмотреть,2
34,предложение,2
35,распродажа,2
36,саите,2
37,хотеть,2
38,цена,2
39,закрываться,2
40,купить,2
41,низкий,2
42,обещать,2
43,остаться,2
44,соцсеть,2
45,трансляция,2
46,забота,2
47,интернет,2
48,каталог,2
49,набор,2
50,иметь,2
51,комплект,2
52,крутой,2
53,нож,2
54,смочь,2
55,являться,2
56,кисть,2
57,кожаный,2
58,материал,2
59,металлический,2
60,мужчина,2
61,нанесение,2
62,отделение,2
63,отзыв,2
64,пена,2
65,рекомендовать,2
66,ручка,2
67,сантиметр,2
68,удобный,2
69,упаковать,2
70,ассортимент,2
71,детский,2
72,дом,2
73,конец,2
74,косметика,2
75,полотенце,2
76,представить,2
77,снова,2
78,указать,2
79,уход,2
80,хранение,2
81,секс,2
82,длинныи,2
83,полиэстер,2
84,автопродление,1
85,аккаунт,1
86,безумный,1
87,бесплатно,1
88,бесплатнои,1
89,бесплатныи,1
90,бесплатный,1
91,бесценок,1
92,бритва,1
93,бритвеныи,1
94,вводить,1
95,деиствует,1
96,забудь,1
97,заполнять,1
98,заходить,1
99,заявка,1
100,идти,1
101,канал,1
102,карта,1
103,кинопоиск,1
104,ленись,1
105,наидете,1
106,неделя,1
107,новыи,1
108,отключить,1
109,пара,1
110,переходить,1
111,подписываися,1
112,покупке,1
113,получать,1
114,получение,1
115,почту,1
116,премиум,1
117,привязывать,1
118,прийти,1
119,промо,1
120,промокоду,1
121,регистрировать,1
122,регистрируемся,1
123,саит,1
124,сеичас,1
125,совершенно,1
126,станок,1
127,телеграм,1
128,экономить,1
129,автоматически,1
130,антивирус,1
131,антивирусы,1
132,бит,1
133,возможность,1
134,временной,1
135,выбрать,1
136,даваите,1
137,деиствительно,1
138,деиствия,1
139,деиствовать,1
140,дополнительнои,1
141,дополнительный,1
142,других,1
143,другое,1
144,ждать,1
145,запись,1
146,запустить,1
147,защитный,1
148,использовать,1
149,компьютер,1
150,мочь,1
151,наиболее,1
152,новость,1
153,обновить,1
154,отличный,1
155,парк,1
156,планировать,1
157,полугодовой,1
158,получить,1
159,популярный,1
160,применение,1
161,продукт,1
162,скидкои,1
163,следующии,1
164,следующий,1
165,снижение,1
166,специальный,1
167,срок,1
168,супер,1
169,течение,1
170,упустить,1
171,устроиств,1
172,устроиства,1
173,учётный,1
174,instagram,1
175,twitter,1
176,большинство,1
177,бренд,1
178,верить,1
179,вернее,1
180,вид,1
181,видео,1
182,витрина,1
183,витринный,1
184,гарантию,1
185,делать,1
186,день,1
187,диктофон,1
188,другои,1
189,жж,1
190,интересный,1
191,каждыи,1
192,количество,1
193,кстати,1
194,логотип,1
195,маркет,1
196,медиамаркт,1
197,наидется,1
198,наидутся,1
199,например,1
200,находиться,1
201,недавно,1
202,обман,1
203,общий,1
204,осуществлять,1
205,пестреть,1
206,писать,1
207,повыбирать,1
208,позиция,1
209,понадобиться,1
210,посетителеи,1
211,правда,1
212,правильно,1
213,производитель,1
214,размер,1
215,распродажный,1
216,рекламировать,1
217,связь,1
218,сервис,1
219,скореи,1
220,случиться,1
221,сменить,1
222,смотреть,1
223,событие,1
224,сообщение,1
225,сообщить,1
226,сравниваите,1
227,сравнивать,1
228,старт,1
229,существенно,1
230,тщательно,1
231,увеличивать,1
232,уменьшаться,1
233,уникальныи,1
234,финальный,1
235,ходовой,1
236,центр,1
237,экземпляр,1
238,брать,1
239,выбор,1
240,выкуп,1
241,груз,1
242,днеи,1
243,заказ,1
244,заниматься,1
245,категория,1
246,мелко,1
247,мск,1
248,нужный,1
249,объединение,1
250,оставить,1
251,остальные,1
252,откроить,1
253,оформление,1
254,параметр,1
255,перепаковке,1
256,подарочныи,1
257,подарочный,1
258,поддержка,1
259,полностью,1
260,полныи,1
261,посылка,1
262,праздничный,1
263,разный,1
264,сделать,1
265,служба,1
266,соблюдение,1
267,собрать,1
268,ссылка,1
269,таможенный,1
270,телефон,1
271,требовании,1
272,удобныи,1
273,указание,1
274,шопинг,1
275,безусловно,1
276,большои,1
277,боцманскии,1
278,вариант,1
279,внутренний,1
280,военнои,1
281,возможный,1
282,входить,1
283,глаз,1
284,дерево,1
285,довольно,1
286,доступный,1
287,друг,1
288,жми,1
289,защёлка,1
290,инструмент,1
291,карман,1
292,классный,1
293,кольцо,1
294,которои,1
295,крепление,1
296,лезвие,1
297,марлина,1
298,металического,1
299,металом,1
300,модификациеи,1
301,молния,1
302,морской,1
303,мужик,1
304,мужчик,1
305,наидет,1
306,наити,1
307,найти,1
308,накладка,1
309,наличие,1
310,настоящий,1
311,начать,1
312,нежелательный,1
313,необходимый,1
314,нержавеики,1
315,основнои,1
316,основный,1
317,особенность,1
318,отличительнои,1
319,палированным,1
320,пластик,1
321,поддеть,1
322,популярнои,1
323,потаиным,1
324,поэтому,1
325,правило,1
326,представлять,1
327,преимущество,1
328,привет,1
329,простота,1
330,работа,1
331,ремень,1
332,ремня,1
333,рукоятка,1
334,самое,1
335,связке,1
336,складный,1
337,слишком,1
338,собои,1
339,сокровенный,1
340,статья,1
341,страховочный,1
342,таиника,1
343,таиником,1
344,такои,1
345,твёрдый,1
346,тканевыи,1
347,толстыи,1
348,топчик,1
349,увидеть,1
350,узел,1
351,часть,1
352,шип,1
353,барсучий,1
354,благородный,1
355,больший,1
356,бритьё,1
357,быстрый,1
358,восторженный,1
359,вставка,1
360,выделка,1
361,выполнить,1
362,высокий,1
363,год,1
364,двоиными,1
365,длина,1
366,добавить,1
367,документ,1
368,доставка,1
369,древесина,1
370,дужки,1
371,зажимами,1
372,защитои,1
373,зеркальный,1
374,изготовить,1
375,исполнение,1
376,качество,1
377,клапанах,1
378,ключеи,1
379,кожа,1
380,комфортный,1
381,коричневыи,1
382,коробка,1
383,кошелёк,1
384,красивый,1
385,красота,1
386,крем,1
387,круглый,1
388,лаик,1
389,линза,1
390,лицо,1
391,мелочеи,1
392,металлическии,1
393,мех,1
394,моделеи,1
395,модель,1
396,модный,1
397,молниях,1
398,мужской,1
399,накладками,1
400,наплечныи,1
401,наслаждение,1
402,натуральный,1
403,нежный,1
404,ноутбук,1
405,оправа,1
406,отзывы,1
407,отличнои,1
408,очки,1
409,плохой,1
410,подписываитесь,1
411,подтяжка,1
412,покупателеи,1
413,покупатель,1
414,полный,1
415,помазок,1
416,понравиться,1
417,портфель,1
418,превращаться,1
419,прекрасныи,1
420,прекрасный,1
421,признателен,1
422,продавец,1
423,пружинои,1
424,ретро,1
425,решение,1
426,сдержанный,1
427,сегодня,1
428,спандекс,1
429,сплава,1
430,стекло,1
431,стиль,1
432,стильный,1
433,сумка,1
434,темно,1
435,тысяча,1
436,удобство,1
437,удовольствие,1
438,ультрафиолет,1
439,фотохромный,1
440,футляр,1
441,хороший,1
442,худой,1
443,цветовой,1
444,цинк,1
445,черныи,1
446,ширина,1
447,эластичныи,1
448,автомобилист,1
449,аромат,1
450,банныи,1
451,бельё,1
452,блокноты,1
453,вакуумный,1
454,весёлый,1
455,волос,1
456,гель,1
457,гигиена,1
458,горшки,1
459,губка,1
460,дача,1
461,двухъярусная,1
462,детеи,1
463,дизаинами,1
464,дизаины,1
465,душе,1
466,желать,1
467,забываите,1
468,завезти,1
469,завершить,1
470,зеркало,1
471,зонт,1
472,иванов,1
473,идея,1
474,канцелярия,1
475,кинетический,1
476,клавиатура,1
477,компас,1
478,конструктор,1
479,копилка,1
480,корзина,1
481,коробочка,1
482,крышкои,1
483,лаванда,1
484,лаики,1
485,летний,1
486,магнитик,1
487,мочалка,1
488,мытьё,1
489,надувной,1
490,наносить,1
491,начало,1
492,новинками,1
493,новый,1
494,отдел,1
495,отделе,1
496,отдых,1
497,отсек,1
498,пакет,1
499,песок,1
500,песочница,1
501,подарок,1
502,подготовить,1
503,подробныи,1
504,полезный,1
505,полка,1
506,полочка,1
507,постельный,1
508,предполагать,1
509,приятный,1
510,проводной,1
511,проидемся,1
512,производство,1
513,пропустить,1
514,просмотр,1
515,простынь,1
516,прямо,1
517,ремешок,1
518,роза,1
519,рублеи,1
520,светодиодныи,1
521,сказать,1
522,см,1
523,сожаление,1
524,состав,1
525,спасибо,1
526,ставить,1
527,страничка,1
528,сушка,1
529,творчество,1
530,тело,1
531,трость,1
532,удачный,1
533,цветок,1
534,цифровой,1
535,читаите,1
536,щётка,1
537,база,1
538,батарейка,1
539,быстро,1
540,вагины,1
541,внимание,1
542,волосик,1
543,вставляться,1
544,выгоднои,1
545,выносной,1
546,известнои,1
547,интим,1
548,качественныи,1
549,лицензионныи,1
550,лобке,1
551,любрикант,1
552,максимально,1
553,название,1
554,недорого,1
555,описание,1
556,особый,1
557,отверстие,1
558,оформить,1
559,пальчиковый,1
560,положить,1
561,порнозвезды,1
562,пульт,1
563,работать,1
564,светлый,1
565,слепок,1
566,совершение,1
567,стимуляция,1
568,тип,1
569,уважаемые,1
570,яицо,1
571,акрил,1
572,бахроме,1
573,белыи,1
574,буклированные,1
575,вещь,1
576,достаточно,1
577,единственный,1
578,изменю,1
579,метр,1
580,моеи,1
581,мягкий,1
582,наматываться,1
583,нежныи,1
584,неузнаваемость,1
585,нитка,1
586,огромный,1
587,оксана,1
588,повтор,1
589,повторю,1
590,пушистый,1
591,радуга,1
592,руб,1
593,сиреневыи,1
594,тонкии,1
595,фиолетовый,1
596,черно,1
597,шарф,1
598,шею,1
599,белый,1
600,выполню,1
601,двустороннии,1
602,двухслоиныи,1
603,красный,1
604,крючок,1
605,молот,1
606,надпись,1
607,однои,1
608,подарить,1
609,пряжи,1
610,связать,1
611,серп,1
612,сторона,1
613,шерстянои,1
614,шерстяной,1
615,ангора,1
616,вопрос,1
617,гольф,1
618,дело,1
619,засунуть,1
620,знать,1
621,китае,1
622,место,1
623,меховой,1
624,новогодний,1
625,носок,1
626,ощупь,1
627,полиамид,1
628,рассчитать,1
629,рука,1
630,самом,1
631,тёплый,1
632,успеть,1
633,эластан,1
